Maxima,Looney,ECAT
Tawnya,Mallon,ECAT
Darby,Riemann,HW
Genoveva,Jaqua,SW
Vernia,Vanalstyne,OVHD
Denice,Charleston,OVHD
Ammie,Antos,APP
Dwayne,Bickett,APP
Angel,Shingler,APP
Roxann,Ponds,ECAT
Lino,Little,ECAT
Krysten,Henrichs,HW
Elly,Knowles,SW
Bebe,Horwitz,OVHD
Lezlie,Toppin,OVHD
Jarod,Kinoshita,APP
Dominga,Ortez,APP
Hayden,Hansford,APP
Louie,Esquivel,ECAT
Bibi,Satterwhite,ECAT
Ellie,Duplantis,HW
Mia,Lawley,SW
Patrice,Lenton,OVHD
Vella,Provenzano,OVHD
Carmina,Vandam,APP
Sebrina,Gail,APP
Traci,Embree,ECAT
Justin,Roderick,ECAT
Tuyet,Sweeting,HW
Sigrid,Buss,SW
Leatha,Russum,OVHD
Georgie,Grosso,OVHD
Jama,Baley,APP
Cassondra,Wetherington,APP
Irwin,Mcmillen,APP
Stefania,Desantis,ECAT
Brook,Herrmann,ECAT
Rodrick,Ortega,HW
Fredericka,Benedetti,SW
Sam,Dudney,OVHD
Collette,Rapier,OVHD
Margert,Droz,APP
Cleotilde,Ramero,APP
Marcus,Sasso,APP
Suzanne,Baade,ECAT
Melonie,Hodges,ECAT
Tiny,Gualtieri,HW
Aurea,Ellis,SW
Tisa,Bakley,OVHD
Arnita,Kremer,OVHD
